{"New":"0_0_0.html","Open":"0_0_1.html","Save":"0_0_2.html","Undo":"0_0_3.html","Redo":"0_0_4.html","MapProperties":"0_0_5.html","ResizeMap":"0_0_6.html","OffsetMap":"0_0_7.html","NewTileset":"0_1_8.html","ChangeTilesetName":"0_1_9.html","RemoveTileset":"0_1_10.html","ExportTileset":"0_1_11.html","AddExternalTileset":"0_1_12.html","TilesetProperties":"0_1_13.html","ChangeOrderOfTileset":"0_1_14.html","AddTiles":"0_1_15.html","RemoveTiles":"0_1_16.html","TileProperties":"0_1_17.html","CreateTerrain":"0_1_18.html","RemoveTerrain":"0_1_19.html","CreateLayer":"0_2_20.html","ChangeLayerName":"0_2_21.html","RemoveLayer":"0_2_22.html","Show/HideLayer":"0_2_23.html","Show/HideAllOtherLayers":"0_2_24.html","MergeLayerDown":"0_2_25.html","SelectPreviousLayer":"0_2_26.html","SelectNextLayer":"0_2_27.html","RaiseLayer":"0_2_28.html","LowerLayer":"0_2_29.html","TileLayerSeparate":"0_2_30.html","LayerProperties":"0_2_31.html","ChangeLayerOpacity":"0_2_32.html","OffsetLayers":"0_2_33.html","DuplicateLayer":"0_2_34.html","SelectionTool":"0_3_35.html","RectangularSelect":"0_3_36.html","LinearSelect":"0_3_37.html","CenterViewToNewConstituency":"0_3_38.html","ShortcutOperationOfSelection":"0_3_39.html","SelectSameTile":"0_3_40.html","CancelSelection":"0_3_41.html","SetCurrentSelectionAsEditableArea":"0_3_42.html","ClearEditableArea":"0_3_43.html","StampBrush":"0_4_44.html","TerrainBrush":"0_4_45.html","Eraser":"0_4_46.html","BucketFillTool":"0_4_47.html","RandomMode":"0_4_48.html","Random":"0_4_49.html","CopySelection":"0_4_50.html","ExecuteCommand":"0_4_51.html","SelectObjects":"0_5_52.html","EditPolygons":"0_5_53.html","InsertRectangle":"0_5_54.html","InsertEllipse":"0_5_55.html","InsertPolygon":"0_5_56.html","InsertPolyline":"0_5_57.html","InsertTile":"0_5_58.html","DrawingObjects":"0_5_59.html","DuplicateObjects":"0_5_60.html","RemoveObjects":"0_5_61.html","AddProperty":"0_6_62.html","RemoveProperty":"0_6_63.html","RenameProperty":"0_6_64.html","ExportExtraData":"2_8_76.html","ExportEventTrigger":"2_8_77.html","Pack":"2_8_78.html","SimulatedCityGeneration":"2_9_79.html","ExportCityRegions":"2_9_80.html","ImportCities":"2_9_81.html","ExportCities":"2_9_82.html","CityPropertiesFileFormat":"2_9_83.html","PreviousCity":"2_9_84.html","NextCity":"2_9_85.html","CitySettings":"2_9_86.html","ExportZoneRegionImage":"2_9_87.html","ExportMapForServe":"2_9_88.html","ExportMapForClient":"2_9_89.html","ExportSpecialLayersData":"2_9_90.html","SynChronizeMapFile":"2_9_91.html","ClearConflictedCells":"2_10_92.html","FindNextConflictedCell":"2_10_93.html","FindCellWithWrongTile":"2_10_94.html","DiffMapConflictedCell":"2_10_95.html","NextDiffMapConflictCell":"2_10_96.html","TileCellInformation":"2_11_97.html","EditingProperties":"6_23_117.html","ObjectDescription":"6_23_118.html","AddEventTriggerGroup":"6_24_119.html","AddEventTrigger":"6_24_120.html","RemoveEventTriggerElement":"6_24_121.html","ChangeLocationOfGroup":"6_24_122.html","Validate":"6_24_123.html","TriggerDataSearch":"6_24_124.html","AddCondition":"6_25_125.html","AddConditionAction":"6_25_126.html","RemoveConditionElement":"6_25_127.html","AddResultAction":"6_26_128.html","RemoveResultElement":"6_26_129.html","ChangeLocationOfResultAction":"6_26_130.html"}