{"New":"创建地图","Open":"打开地图","Save":"保存地图","Undo":"撤销","Redo":"恢复","MapProperties":"地图属性","ResizeMap":"调整地图大小","OffsetMap":"挪动地图","NewTileset":"创建图块集","ChangeTilesetName":"修改图块集名称","RemoveTileset":"删除图块集","ExportTileset":"导出图块集","AddExternalTileset":"添加外部图块","TilesetProperties":"图块集属性","ChangeOrderOfTileset":"调整图块集顺序","AddTiles":"添加图块","RemoveTiles":"移除图块","TileProperties":"图块属性","CreateTerrain":"创建地形","RemoveTerrain":"移除地形","CreateLayer":"创建图层","ChangeLayerName":"修改图层名称","RemoveLayer":"删除图层","Show/HideLayer":"显示/隐藏图层","Show/HideAllOtherLayers":"显示/隐藏所有其他层","MergeLayerDown":"向下合并图层","SelectPreviousLayer":"选择上一个图层","SelectNextLayer":"选择下一个图层","RaiseLayer":"前置图层","LowerLayer":"后置图层","TileLayerSeparate":"图层分离","LayerProperties":"图层属性","ChangeLayerOpacity":"改变图层透明度","OffsetLayers":"挪动图层","DuplicateLayer":"复制图层","SelectionTool":"选区工具","RectangularSelect":"矩形选择","LinearSelect":"直线选择","CenterViewToNewConstituency":"居中视图到新选区","ShortcutOperationOfSelection":"选区的快捷键操作","CancelSelection":"取消选取","SelectSameTile":"同色选取","SetCurrentSelectionAsEditableArea":"设置当前选区为地图可编辑区域","ClearEditableArea":"解除可编辑区域限制","StampBrush":"图章刷","TerrainBrush":"地形刷","Eraser":"清除","BucketFillTool":"填充","RandomMode":"随机模式","Random":"随机填充","CopySelection":"复制选区","ExecuteCommand":"快捷命令工具","SelectObjects":"选择对象","EditPolygons":"编辑对象","InsertRectangle":"插入矩形","InsertEllipse":"插入椭圆","InsertPolygon":"插入多边形","InsertPolyline":"插入折线","InsertTile":"插入图块","DrawingObjects":"绘制对象","DuplicateObjects":"复制对象","RemoveObjects":"移除对象","AddProperty":"添加属性","RemoveProperty":"移除属性","RenameProperty":"重命名属性","ExportExtraData":"导出数据文件","ExportEventTrigger":"导出事件触发器数据","Pack":"文件打包","SimulatedCityGeneration":"模拟城市生成","ExportCityRegions":"导出城市区域","ImportCities":"加载城市信息文件","ExportCities":"导出城市信息文件","CityPropertiesFileFormat":"城市属性文件格式","PreviousCity":"上一个城市","NextCity":"下一个城市","CitySettings":"城市设置","ExportZoneRegionImage":"导出区域图像","ExportMapForServe":"导出地图服务端数据","ExportMapForClient":"导出地图客户端数据","ExportSpecialLayersData":"导出特殊图层数据","SynChronizeMapFile":"同步地图数据","ClearConflictedCells":"清理冲突的地块","FindNextConflictedCell":"查找冲突单元格","FindCellWithWrongTile":"查找错误图块的单元格","DiffMapConflictedCell":"查找地图间的冲突单元格","NextDiffMapConflictCell":"下一个地图间冲突单元格","TileCellInformation":"单元格图块信息","EditingProperties":"编辑属性","EditingName":"编辑名称","ObjectDescription":"对象描述","AddEventTriggerGroup":"添加事件分组","AddEventTrigger":"添加事件","RemoveEventTriggerElement":"删除事件/分组","ChangeLocationOfGroup":"调整分组位置","Validate":"触发器事件验证","TriggerDataSearch":"触发器数据查找","AddCondition":"添加条件","AddConditionAction":"添加条件动作","RemoveConditionElement":"删除条件/动作","AddResultAction":"添加结果动作","RemoveResultElement":"删除结果动作","ChangeLocationOfResultAction":"调整结果动作位置"}