{"基本功能":{"level":1,"name":"基本功能","parent":-1,"id":0,"location":"0","anchor":"0","subNodes":[{"level":2,"name":"地图","parent":0,"id":0,"location":"0","anchor":"0_0","subNodes":[{"level":3,"name":"创建地图","parent":0,"id":0,"location":"0","anchor":"0_0_0","subNodes":[{"level":4,"name":"功能描述","parent":0,"id":0,"location":"0","anchor":"0_0_0_0","subNodes":[]},{"level":4,"name":"使用方法","parent":0,"id":1,"location":"0","anchor":"0_0_0_1","subNodes":[]}]},{"level":3,"name":"打开地图","parent":0,"id":1,"location":"0","anchor":"0_0_1","subNodes":[{"level":4,"name":"功能描述","parent":1,"id":2,"location":"0","anchor":"0_0_1_2","subNodes":[]},{"level":4,"name":"使用方法","parent":1,"id":3,"location":"0","anchor":"0_0_1_3","subNodes":[]}]},{"level":3,"name":"保存地图","parent":0,"id":2,"location":"0","anchor":"0_0_2","subNodes":[{"level":4,"name":"功能描述","parent":2,"id":4,"location":"0","anchor":"0_0_2_4","subNodes":[]},{"level":4,"name":"使用方法","parent":2,"id":5,"location":"0","anchor":"0_0_2_5","subNodes":[]}]},{"level":3,"name":"撤销","parent":0,"id":3,"location":"0","anchor":"0_0_3","subNodes":[{"level":4,"name":"功能描述","parent":3,"id":6,"location":"0","anchor":"0_0_3_6","subNodes":[]},{"level":4,"name":"使用方法","parent":3,"id":7,"location":"0","anchor":"0_0_3_7","subNodes":[]}]},{"level":3,"name":"恢复","parent":0,"id":4,"location":"0","anchor":"0_0_4","subNodes":[{"level":4,"name":"功能描述","parent":4,"id":8,"location":"0","anchor":"0_0_4_8","subNodes":[]},{"level":4,"name":"使用方法","parent":4,"id":9,"location":"0","anchor":"0_0_4_9","subNodes":[]}]},{"level":3,"name":"地图属性","parent":0,"id":5,"location":"0","anchor":"0_0_5","subNodes":[{"level":4,"name":"功能描述","parent":5,"id":10,"location":"0","anchor":"0_0_5_10","subNodes":[]},{"level":4,"name":"使用方法","parent":5,"id":11,"location":"0","anchor":"0_0_5_11","subNodes":[]}]},{"level":3,"name":"调整地图大小","parent":0,"id":6,"location":"0","anchor":"0_0_6","subNodes":[{"level":4,"name":"功能描述","parent":6,"id":12,"location":"0","anchor":"0_0_6_12","subNodes":[]},{"level":4,"name":"使用方法","parent":6,"id":13,"location":"0","anchor":"0_0_6_13","subNodes":[]}]},{"level":3,"name":"挪动地图","parent":0,"id":7,"location":"0","anchor":"0_0_7","subNodes":[{"level":4,"name":"功能描述","parent":7,"id":14,"location":"0","anchor":"0_0_7_14","subNodes":[]},{"level":4,"name":"\b使用方法","parent":7,"id":15,"location":"0","anchor":"0_0_7_15","subNodes":[]},{"level":4,"name":"举例说明","parent":7,"id":16,"location":"0","anchor":"0_0_7_16","subNodes":[]}]}]},{"level":2,"name":"图块集","parent":0,"id":1,"location":"0","anchor":"0_1","subNodes":[{"level":3,"name":"创建图块集","parent":1,"id":8,"location":"0","anchor":"0_1_8","subNodes":[{"level":4,"name":"功能描述","parent":8,"id":17,"location":"0","anchor":"0_1_8_17","subNodes":[]},{"level":4,"name":"使用方法","parent":8,"id":18,"location":"0","anchor":"0_1_8_18","subNodes":[]}]},{"level":3,"name":"修改图块集名称","parent":1,"id":9,"location":"0","anchor":"0_1_9","subNodes":[{"level":4,"name":"功能描述","parent":9,"id":19,"location":"0","anchor":"0_1_9_19","subNodes":[]},{"level":4,"name":"使用方法","parent":9,"id":20,"location":"0","anchor":"0_1_9_20","subNodes":[]}]},{"level":3,"name":"删除图块集","parent":1,"id":10,"location":"0","anchor":"0_1_10","subNodes":[{"level":4,"name":"功能描述","parent":10,"id":21,"location":"0","anchor":"0_1_10_21","subNodes":[]},{"level":4,"name":"使用方法","parent":10,"id":22,"location":"0","anchor":"0_1_10_22","subNodes":[]}]},{"level":3,"name":"导出图块集","parent":1,"id":11,"location":"0","anchor":"0_1_11","subNodes":[{"level":4,"name":"功能描述","parent":11,"id":23,"location":"0","anchor":"0_1_11_23","subNodes":[]},{"level":4,"name":"使用方法","parent":11,"id":24,"location":"0","anchor":"0_1_11_24","subNodes":[]}]},{"level":3,"name":"添加外部图块","parent":1,"id":12,"location":"0","anchor":"0_1_12","subNodes":[{"level":4,"name":"功能描述","parent":12,"id":25,"location":"0","anchor":"0_1_12_25","subNodes":[]},{"level":4,"name":"使用方法","parent":12,"id":26,"location":"0","anchor":"0_1_12_26","subNodes":[]}]},{"level":3,"name":"图块集属性","parent":1,"id":13,"location":"0","anchor":"0_1_13","subNodes":[{"level":4,"name":"功能描述","parent":13,"id":27,"location":"0","anchor":"0_1_13_27","subNodes":[]},{"level":4,"name":"使用方法","parent":13,"id":28,"location":"0","anchor":"0_1_13_28","subNodes":[]}]},{"level":3,"name":"调整图块集顺序","parent":1,"id":14,"location":"0","anchor":"0_1_14","subNodes":[{"level":4,"name":"功能描述","parent":14,"id":29,"location":"0","anchor":"0_1_14_29","subNodes":[]},{"level":4,"name":"使用方法","parent":14,"id":30,"location":"0","anchor":"0_1_14_30","subNodes":[]}]},{"level":3,"name":"添加图块","parent":1,"id":15,"location":"0","anchor":"0_1_15","subNodes":[{"level":4,"name":"功能描述","parent":15,"id":31,"location":"0","anchor":"0_1_15_31","subNodes":[]},{"level":4,"name":"使用方法","parent":15,"id":32,"location":"0","anchor":"0_1_15_32","subNodes":[]}]},{"level":3,"name":"移除图块","parent":1,"id":16,"location":"0","anchor":"0_1_16","subNodes":[{"level":4,"name":"功能描述","parent":16,"id":33,"location":"0","anchor":"0_1_16_33","subNodes":[]},{"level":4,"name":"使用方法","parent":16,"id":34,"location":"0","anchor":"0_1_16_34","subNodes":[]}]},{"level":3,"name":"图块属性","parent":1,"id":17,"location":"0","anchor":"0_1_17","subNodes":[{"level":4,"name":"功能描述","parent":17,"id":35,"location":"0","anchor":"0_1_17_35","subNodes":[]},{"level":4,"name":"使用方法","parent":17,"id":36,"location":"0","anchor":"0_1_17_36","subNodes":[]}]},{"level":3,"name":"创建地形","parent":1,"id":18,"location":"0","anchor":"0_1_18","subNodes":[{"level":4,"name":"功能描述","parent":18,"id":37,"location":"0","anchor":"0_1_18_37","subNodes":[]},{"level":4,"name":"使用方法","parent":18,"id":38,"location":"0","anchor":"0_1_18_38","subNodes":[]},{"level":4,"name":"地形适用场景","parent":18,"id":39,"location":"0","anchor":"0_1_18_39","subNodes":[]}]},{"level":3,"name":"移除地形","parent":1,"id":19,"location":"0","anchor":"0_1_19","subNodes":[{"level":4,"name":"功能描述","parent":19,"id":40,"location":"0","anchor":"0_1_19_40","subNodes":[]},{"level":4,"name":"使用方法","parent":19,"id":41,"location":"0","anchor":"0_1_19_41","subNodes":[]}]}]},{"level":2,"name":"图层","parent":0,"id":2,"location":"0","anchor":"0_2","subNodes":[{"level":3,"name":"创建图层","parent":2,"id":20,"location":"0","anchor":"0_2_20","subNodes":[{"level":4,"name":"功能描述","parent":20,"id":42,"location":"0","anchor":"0_2_20_42","subNodes":[]},{"level":4,"name":"使用方法","parent":20,"id":43,"location":"0","anchor":"0_2_20_43","subNodes":[]}]},{"level":3,"name":"修改图层名称","parent":2,"id":21,"location":"0","anchor":"0_2_21","subNodes":[{"level":4,"name":"功能描述","parent":21,"id":44,"location":"0","anchor":"0_2_21_44","subNodes":[]},{"level":4,"name":"使用方法","parent":21,"id":45,"location":"0","anchor":"0_2_21_45","subNodes":[]}]},{"level":3,"name":"删除图层","parent":2,"id":22,"location":"0","anchor":"0_2_22","subNodes":[{"level":4,"name":"功能描述","parent":22,"id":46,"location":"0","anchor":"0_2_22_46","subNodes":[]},{"level":4,"name":"使用方法","parent":22,"id":47,"location":"0","anchor":"0_2_22_47","subNodes":[]}]},{"level":3,"name":"显示/隐藏图层","parent":2,"id":23,"location":"0","anchor":"0_2_23","subNodes":[{"level":4,"name":"功能描述","parent":23,"id":48,"location":"0","anchor":"0_2_23_48","subNodes":[]},{"level":4,"name":"使用方法","parent":23,"id":49,"location":"0","anchor":"0_2_23_49","subNodes":[]}]},{"level":3,"name":"显示/隐藏所有其他层","parent":2,"id":24,"location":"0","anchor":"0_2_24","subNodes":[{"level":4,"name":"功能描述","parent":24,"id":50,"location":"0","anchor":"0_2_24_50","subNodes":[]},{"level":4,"name":"使用方法","parent":24,"id":51,"location":"0","anchor":"0_2_24_51","subNodes":[]}]},{"level":3,"name":"向下合并图层","parent":2,"id":25,"location":"0","anchor":"0_2_25","subNodes":[{"level":4,"name":"功能描述","parent":25,"id":52,"location":"0","anchor":"0_2_25_52","subNodes":[]},{"level":4,"name":"使用方法","parent":25,"id":53,"location":"0","anchor":"0_2_25_53","subNodes":[]}]},{"level":3,"name":"选择上一个图层","parent":2,"id":26,"location":"0","anchor":"0_2_26","subNodes":[{"level":4,"name":"功能描述","parent":26,"id":54,"location":"0","anchor":"0_2_26_54","subNodes":[]},{"level":4,"name":"使用方法","parent":26,"id":55,"location":"0","anchor":"0_2_26_55","subNodes":[]}]},{"level":3,"name":"选择下一个图层","parent":2,"id":27,"location":"0","anchor":"0_2_27","subNodes":[{"level":4,"name":"功能描述","parent":27,"id":56,"location":"0","anchor":"0_2_27_56","subNodes":[]},{"level":4,"name":"使用方法","parent":27,"id":57,"location":"0","anchor":"0_2_27_57","subNodes":[]}]},{"level":3,"name":"前置图层","parent":2,"id":28,"location":"0","anchor":"0_2_28","subNodes":[{"level":4,"name":"功能描述","parent":28,"id":58,"location":"0","anchor":"0_2_28_58","subNodes":[]},{"level":4,"name":"使用方法","parent":28,"id":59,"location":"0","anchor":"0_2_28_59","subNodes":[]}]},{"level":3,"name":"后置图层","parent":2,"id":29,"location":"0","anchor":"0_2_29","subNodes":[{"level":4,"name":"功能描述","parent":29,"id":60,"location":"0","anchor":"0_2_29_60","subNodes":[]},{"level":4,"name":"使用方法","parent":29,"id":61,"location":"0","anchor":"0_2_29_61","subNodes":[]}]},{"level":3,"name":"图层分离","parent":2,"id":30,"location":"0","anchor":"0_2_30","subNodes":[{"level":4,"name":"功能描述","parent":30,"id":62,"location":"0","anchor":"0_2_30_62","subNodes":[]},{"level":4,"name":"使用方法","parent":30,"id":63,"location":"0","anchor":"0_2_30_63","subNodes":[]},{"level":4,"name":"功能完成说明","parent":30,"id":64,"location":"0","anchor":"0_2_30_64","subNodes":[]}]},{"level":3,"name":"图层属性","parent":2,"id":31,"location":"0","anchor":"0_2_31","subNodes":[{"level":4,"name":"功能描述","parent":31,"id":65,"location":"0","anchor":"0_2_31_65","subNodes":[]},{"level":4,"name":"使用方法","parent":31,"id":66,"location":"0","anchor":"0_2_31_66","subNodes":[]}]},{"level":3,"name":"改变图层透明度","parent":2,"id":32,"location":"0","anchor":"0_2_32","subNodes":[{"level":4,"name":"功能描述","parent":32,"id":67,"location":"0","anchor":"0_2_32_67","subNodes":[]},{"level":4,"name":"使用方法","parent":32,"id":68,"location":"0","anchor":"0_2_32_68","subNodes":[]}]},{"level":3,"name":"挪动图层","parent":2,"id":33,"location":"0","anchor":"0_2_33","subNodes":[{"level":4,"name":"功能描述","parent":33,"id":69,"location":"0","anchor":"0_2_33_69","subNodes":[]},{"level":4,"name":"使用方法","parent":33,"id":70,"location":"0","anchor":"0_2_33_70","subNodes":[]}]},{"level":3,"name":"复制图层","parent":2,"id":34,"location":"0","anchor":"0_2_34","subNodes":[{"level":4,"name":"功能描述","parent":34,"id":71,"location":"0","anchor":"0_2_34_71","subNodes":[]},{"level":4,"name":"使用方法","parent":34,"id":72,"location":"0","anchor":"0_2_34_72","subNodes":[]},{"level":4,"name":"功能完成说明","parent":34,"id":73,"location":"0","anchor":"0_2_34_73","subNodes":[]}]}]},{"level":2,"name":"地图选区","parent":0,"id":3,"location":"0","anchor":"0_3","subNodes":[{"level":3,"name":"选区工具","parent":3,"id":35,"location":"0","anchor":"0_3_35","subNodes":[{"level":4,"name":"功能描述","parent":35,"id":74,"location":"0","anchor":"0_3_35_74","subNodes":[]},{"level":4,"name":"使用方法","parent":35,"id":75,"location":"0","anchor":"0_3_35_75","subNodes":[]}]},{"level":3,"name":"矩形选择","parent":3,"id":36,"location":"0","anchor":"0_3_36","subNodes":[{"level":4,"name":"功能描述","parent":36,"id":76,"location":"0","anchor":"0_3_36_76","subNodes":[]},{"level":4,"name":"使用方法","parent":36,"id":77,"location":"0","anchor":"0_3_36_77","subNodes":[]}]},{"level":3,"name":"直线选择","parent":3,"id":37,"location":"0","anchor":"0_3_37","subNodes":[{"level":4,"name":"功能描述","parent":37,"id":78,"location":"0","anchor":"0_3_37_78","subNodes":[]},{"level":4,"name":"使用方法","parent":37,"id":79,"location":"0","anchor":"0_3_37_79","subNodes":[]}]},{"level":3,"name":"居中视图到新选区","parent":3,"id":38,"location":"0","anchor":"0_3_38","subNodes":[{"level":4,"name":"功能描述","parent":38,"id":80,"location":"0","anchor":"0_3_38_80","subNodes":[]},{"level":4,"name":"使用方法","parent":38,"id":81,"location":"0","anchor":"0_3_38_81","subNodes":[]}]},{"level":3,"name":"选区的快捷键操作","parent":3,"id":39,"location":"0","anchor":"0_3_39","subNodes":[{"level":4,"name":"功能描述","parent":39,"id":82,"location":"0","anchor":"0_3_39_82","subNodes":[]},{"level":4,"name":"使用方法","parent":39,"id":83,"location":"0","anchor":"0_3_39_83","subNodes":[]}]},{"level":3,"name":"同色选取","parent":3,"id":40,"location":"0","anchor":"0_3_40","subNodes":[{"level":4,"name":"功能描述","parent":40,"id":84,"location":"0","anchor":"0_3_40_84","subNodes":[]},{"level":4,"name":"使用方法","parent":40,"id":85,"location":"0","anchor":"0_3_40_85","subNodes":[]}]},{"level":3,"name":"取消选取","parent":3,"id":41,"location":"0","anchor":"0_3_41","subNodes":[{"level":4,"name":"功能描述","parent":41,"id":86,"location":"0","anchor":"0_3_41_86","subNodes":[]},{"level":4,"name":"使用方法","parent":41,"id":87,"location":"0","anchor":"0_3_41_87","subNodes":[]}]},{"level":3,"name":"设置当前选区为地图可编辑区域","parent":3,"id":42,"location":"0","anchor":"0_3_42","subNodes":[{"level":4,"name":"功能描述","parent":42,"id":88,"location":"0","anchor":"0_3_42_88","subNodes":[]},{"level":4,"name":"使用方法","parent":42,"id":89,"location":"0","anchor":"0_3_42_89","subNodes":[]}]},{"level":3,"name":"解除可编辑区域限制","parent":3,"id":43,"location":"0","anchor":"0_3_43","subNodes":[{"level":4,"name":"功能描述","parent":43,"id":90,"location":"0","anchor":"0_3_43_90","subNodes":[]},{"level":4,"name":"使用方法","parent":43,"id":91,"location":"0","anchor":"0_3_43_91","subNodes":[]}]}]},{"level":2,"name":"地图绘制","parent":0,"id":4,"location":"0","anchor":"0_4","subNodes":[{"level":3,"name":"图章刷","parent":4,"id":44,"location":"0","anchor":"0_4_44","subNodes":[{"level":4,"name":"功能描述","parent":44,"id":92,"location":"0","anchor":"0_4_44_92","subNodes":[]},{"level":4,"name":"使用方法","parent":44,"id":93,"location":"0","anchor":"0_4_44_93","subNodes":[]},{"level":4,"name":"额外特性","parent":44,"id":94,"location":"0","anchor":"0_4_44_94","subNodes":[]}]},{"level":3,"name":"地形刷","parent":4,"id":45,"location":"0","anchor":"0_4_45","subNodes":[{"level":4,"name":"功能描述","parent":45,"id":95,"location":"0","anchor":"0_4_45_95","subNodes":[]},{"level":4,"name":"使用方法","parent":45,"id":96,"location":"0","anchor":"0_4_45_96","subNodes":[]}]},{"level":3,"name":"清除","parent":4,"id":46,"location":"0","anchor":"0_4_46","subNodes":[{"level":4,"name":"功能描述","parent":46,"id":97,"location":"0","anchor":"0_4_46_97","subNodes":[]},{"level":4,"name":"使用方法","parent":46,"id":98,"location":"0","anchor":"0_4_46_98","subNodes":[]}]},{"level":3,"name":"填充","parent":4,"id":47,"location":"0","anchor":"0_4_47","subNodes":[{"level":4,"name":"功能描述","parent":47,"id":99,"location":"0","anchor":"0_4_47_99","subNodes":[]},{"level":4,"name":"使用方法","parent":47,"id":100,"location":"0","anchor":"0_4_47_100","subNodes":[]}]},{"level":3,"name":"随机模式","parent":4,"id":48,"location":"0","anchor":"0_4_48","subNodes":[{"level":4,"name":"功能描述","parent":48,"id":101,"location":"0","anchor":"0_4_48_101","subNodes":[]},{"level":4,"name":"使用方法","parent":48,"id":102,"location":"0","anchor":"0_4_48_102","subNodes":[]}]},{"level":3,"name":"随机填充","parent":4,"id":49,"location":"0","anchor":"0_4_49","subNodes":[{"level":4,"name":"功能描述","parent":49,"id":103,"location":"0","anchor":"0_4_49_103","subNodes":[]},{"level":4,"name":"使用方法","parent":49,"id":104,"location":"0","anchor":"0_4_49_104","subNodes":[]}]},{"level":3,"name":"复制选区","parent":4,"id":50,"location":"0","anchor":"0_4_50","subNodes":[{"level":4,"name":"功能描述","parent":50,"id":105,"location":"0","anchor":"0_4_50_105","subNodes":[]},{"level":4,"name":"使用方法","parent":50,"id":106,"location":"0","anchor":"0_4_50_106","subNodes":[]}]},{"level":3,"name":"快捷命令工具","parent":4,"id":51,"location":"0","anchor":"0_4_51","subNodes":[{"level":4,"name":"功能描述","parent":51,"id":107,"location":"0","anchor":"0_4_51_107","subNodes":[]},{"level":4,"name":"使用方法","parent":51,"id":108,"location":"0","anchor":"0_4_51_108","subNodes":[]}]}]},{"level":2,"name":"对象组工具","parent":0,"id":5,"location":"0","anchor":"0_5","subNodes":[{"level":3,"name":"选择对象","parent":5,"id":52,"location":"0","anchor":"0_5_52","subNodes":[{"level":4,"name":"功能描述","parent":52,"id":109,"location":"0","anchor":"0_5_52_109","subNodes":[]},{"level":4,"name":"使用方法","parent":52,"id":110,"location":"0","anchor":"0_5_52_110","subNodes":[]}]},{"level":3,"name":"编辑对象","parent":5,"id":53,"location":"0","anchor":"0_5_53","subNodes":[{"level":4,"name":"功能描述","parent":53,"id":111,"location":"0","anchor":"0_5_53_111","subNodes":[]},{"level":4,"name":"使用方法","parent":53,"id":112,"location":"0","anchor":"0_5_53_112","subNodes":[]}]},{"level":3,"name":"插入矩形","parent":5,"id":54,"location":"0","anchor":"0_5_54","subNodes":[{"level":4,"name":"功能描述","parent":54,"id":113,"location":"0","anchor":"0_5_54_113","subNodes":[]},{"level":4,"name":"使用方法","parent":54,"id":114,"location":"0","anchor":"0_5_54_114","subNodes":[]}]},{"level":3,"name":"插入椭圆","parent":5,"id":55,"location":"0","anchor":"0_5_55","subNodes":[{"level":4,"name":"功能描述","parent":55,"id":115,"location":"0","anchor":"0_5_55_115","subNodes":[]},{"level":4,"name":"使用方法","parent":55,"id":116,"location":"0","anchor":"0_5_55_116","subNodes":[]}]},{"level":3,"name":"插入多边形","parent":5,"id":56,"location":"0","anchor":"0_5_56","subNodes":[{"level":4,"name":"功能描述","parent":56,"id":117,"location":"0","anchor":"0_5_56_117","subNodes":[]},{"level":4,"name":"使用方法","parent":56,"id":118,"location":"0","anchor":"0_5_56_118","subNodes":[]}]},{"level":3,"name":"插入折线","parent":5,"id":57,"location":"0","anchor":"0_5_57","subNodes":[{"level":4,"name":"功能描述","parent":57,"id":119,"location":"0","anchor":"0_5_57_119","subNodes":[]},{"level":4,"name":"使用方法","parent":57,"id":120,"location":"0","anchor":"0_5_57_120","subNodes":[]}]},{"level":3,"name":"插入图块","parent":5,"id":58,"location":"0","anchor":"0_5_58","subNodes":[{"level":4,"name":"功能描述","parent":58,"id":121,"location":"0","anchor":"0_5_58_121","subNodes":[]},{"level":4,"name":"使用方法","parent":58,"id":122,"location":"0","anchor":"0_5_58_122","subNodes":[]}]},{"level":3,"name":"绘制对象","parent":5,"id":59,"location":"0","anchor":"0_5_59","subNodes":[{"level":4,"name":"功能描述","parent":59,"id":123,"location":"0","anchor":"0_5_59_123","subNodes":[]},{"level":4,"name":"使用方法","parent":59,"id":124,"location":"0","anchor":"0_5_59_124","subNodes":[]}]},{"level":3,"name":"复制对象","parent":5,"id":60,"location":"0","anchor":"0_5_60","subNodes":[{"level":4,"name":"功能描述","parent":60,"id":125,"location":"0","anchor":"0_5_60_125","subNodes":[]},{"level":4,"name":"使用方法","parent":60,"id":126,"location":"0","anchor":"0_5_60_126","subNodes":[]}]},{"level":3,"name":"移除对象","parent":5,"id":61,"location":"0","anchor":"0_5_61","subNodes":[{"level":4,"name":"功能描述","parent":61,"id":127,"location":"0","anchor":"0_5_61_127","subNodes":[]},{"level":4,"name":"使用方法","parent":61,"id":128,"location":"0","anchor":"0_5_61_128","subNodes":[]}]}]},{"level":2,"name":"属性面板","parent":0,"id":6,"location":"0","anchor":"0_6","subNodes":[{"level":3,"name":"添加属性","parent":6,"id":62,"location":"0","anchor":"0_6_62","subNodes":[{"level":4,"name":"功能描述","parent":62,"id":129,"location":"0","anchor":"0_6_62_129","subNodes":[]},{"level":4,"name":"使用方法","parent":62,"id":130,"location":"0","anchor":"0_6_62_130","subNodes":[]}]},{"level":3,"name":"移除属性","parent":6,"id":63,"location":"0","anchor":"0_6_63","subNodes":[{"level":4,"name":"功能描述","parent":63,"id":131,"location":"0","anchor":"0_6_63_131","subNodes":[]},{"level":4,"name":"使用方法","parent":63,"id":132,"location":"0","anchor":"0_6_63_132","subNodes":[]}]},{"level":3,"name":"重命名属性","parent":6,"id":64,"location":"0","anchor":"0_6_64","subNodes":[{"level":4,"name":"功能描述","parent":64,"id":133,"location":"0","anchor":"0_6_64_133","subNodes":[]},{"level":4,"name":"使用方法","parent":64,"id":134,"location":"0","anchor":"0_6_64_134","subNodes":[]}]}]}]},"术语":{"level":1,"name":"术语","parent":-1,"id":1,"location":"1","anchor":"1","subNodes":[{"level":2,"name":"地图术语","parent":1,"id":7,"location":"1","anchor":"1_7","subNodes":[{"level":3,"name":"单元格","parent":7,"id":65,"location":"1","anchor":"1_7_65","subNodes":[]},{"level":3,"name":"单元格坐标","parent":7,"id":66,"location":"1","anchor":"1_7_66","subNodes":[]},{"level":3,"name":"图块集","parent":7,"id":67,"location":"1","anchor":"1_7_67","subNodes":[]},{"level":3,"name":"图块","parent":7,"id":68,"location":"1","anchor":"1_7_68","subNodes":[]},{"level":3,"name":"图块Id","parent":7,"id":69,"location":"1","anchor":"1_7_69","subNodes":[]},{"level":3,"name":"地形","parent":7,"id":70,"location":"1","anchor":"1_7_70","subNodes":[]},{"level":3,"name":"图层","parent":7,"id":71,"location":"1","anchor":"1_7_71","subNodes":[]},{"level":3,"name":"图块图层","parent":7,"id":72,"location":"1","anchor":"1_7_72","subNodes":[]},{"level":3,"name":"对象层","parent":7,"id":73,"location":"1","anchor":"1_7_73","subNodes":[]},{"level":3,"name":"图像图层","parent":7,"id":74,"location":"1","anchor":"1_7_74","subNodes":[]},{"level":3,"name":"对象","parent":7,"id":75,"location":"1","anchor":"1_7_75","subNodes":[]}]}]},"菜单功能":{"level":1,"name":"菜单功能","parent":-1,"id":2,"location":"2","anchor":"2","subNodes":[{"level":2,"name":"文件菜单","parent":2,"id":8,"location":"2","anchor":"2_8","subNodes":[{"level":3,"name":"导出数据文件","parent":8,"id":76,"location":"2","anchor":"2_8_76","subNodes":[{"level":4,"name":"功能描述","parent":76,"id":135,"location":"2","anchor":"2_8_76_135","subNodes":[]},{"level":4,"name":"使用方法","parent":76,"id":136,"location":"2","anchor":"2_8_76_136","subNodes":[]},{"level":4,"name":"功能完成说明","parent":76,"id":137,"location":"2","anchor":"2_8_76_137","subNodes":[]}]},{"level":3,"name":"导出事件触发器数据","parent":8,"id":77,"location":"2","anchor":"2_8_77","subNodes":[{"level":4,"name":"功能描述","parent":77,"id":138,"location":"2","anchor":"2_8_77_138","subNodes":[]},{"level":4,"name":"使用方法","parent":77,"id":139,"location":"2","anchor":"2_8_77_139","subNodes":[]},{"level":4,"name":"功能完成说明","parent":77,"id":140,"location":"2","anchor":"2_8_77_140","subNodes":[]}]},{"level":3,"name":"文件打包","parent":8,"id":78,"location":"2","anchor":"2_8_78","subNodes":[{"level":4,"name":"功能描述","parent":78,"id":141,"location":"2","anchor":"2_8_78_141","subNodes":[]},{"level":4,"name":"使用方法","parent":78,"id":142,"location":"2","anchor":"2_8_78_142","subNodes":[]},{"level":4,"name":"功能完成说明","parent":78,"id":143,"location":"2","anchor":"2_8_78_143","subNodes":[]},{"level":4,"name":"代码实现","parent":78,"id":144,"location":"2","anchor":"2_8_78_144","subNodes":[]}]}]},{"level":2,"name":"业务菜单","parent":2,"id":9,"location":"2","anchor":"2_9","subNodes":[{"level":3,"name":"模拟城市生成","parent":9,"id":79,"location":"2","anchor":"2_9_79","subNodes":[{"level":4,"name":"功能描述","parent":79,"id":145,"location":"2","anchor":"2_9_79_145","subNodes":[]},{"level":4,"name":"使用方法","parent":79,"id":146,"location":"2","anchor":"2_9_79_146","subNodes":[]},{"level":4,"name":"功能完成说明","parent":79,"id":147,"location":"2","anchor":"2_9_79_147","subNodes":[]},{"level":4,"name":"代码实现","parent":79,"id":148,"location":"2","anchor":"2_9_79_148","subNodes":[]}]},{"level":3,"name":"导出城市区域","parent":9,"id":80,"location":"2","anchor":"2_9_80","subNodes":[{"level":4,"name":"功能描述","parent":80,"id":149,"location":"2","anchor":"2_9_80_149","subNodes":[]},{"level":4,"name":"使用方法/说明","parent":80,"id":150,"location":"2","anchor":"2_9_80_150","subNodes":[]},{"level":4,"name":"功能完成说明","parent":80,"id":151,"location":"2","anchor":"2_9_80_151","subNodes":[]},{"level":4,"name":"代码实现","parent":80,"id":152,"location":"2","anchor":"2_9_80_152","subNodes":[]}]},{"level":3,"name":"加载城市信息文件","parent":9,"id":81,"location":"2","anchor":"2_9_81","subNodes":[{"level":4,"name":"功能描述","parent":81,"id":153,"location":"2","anchor":"2_9_81_153","subNodes":[]},{"level":4,"name":"使用方法/说明","parent":81,"id":154,"location":"2","anchor":"2_9_81_154","subNodes":[]},{"level":4,"name":"功能完成说明","parent":81,"id":155,"location":"2","anchor":"2_9_81_155","subNodes":[]}]},{"level":3,"name":"导出城市信息文件","parent":9,"id":82,"location":"2","anchor":"2_9_82","subNodes":[{"level":4,"name":"功能描述","parent":82,"id":156,"location":"2","anchor":"2_9_82_156","subNodes":[]},{"level":4,"name":"使用方法/说明","parent":82,"id":157,"location":"2","anchor":"2_9_82_157","subNodes":[]},{"level":4,"name":"功能完成说明","parent":82,"id":158,"location":"2","anchor":"2_9_82_158","subNodes":[]}]},{"level":3,"name":"城市属性文件格式","parent":9,"id":83,"location":"2","anchor":"2_9_83","subNodes":[{"level":4,"name":"城市属性信息","parent":83,"id":159,"location":"2","anchor":"2_9_83_159","subNodes":[]},{"level":4,"name":"城区属性信息","parent":83,"id":160,"location":"2","anchor":"2_9_83_160","subNodes":[]}]},{"level":3,"name":"上一个城市","parent":9,"id":84,"location":"2","anchor":"2_9_84","subNodes":[{"level":4,"name":"功能描述","parent":84,"id":161,"location":"2","anchor":"2_9_84_161","subNodes":[]},{"level":4,"name":"使用方法/说明","parent":84,"id":162,"location":"2","anchor":"2_9_84_162","subNodes":[]},{"level":4,"name":"功能完成说明","parent":84,"id":163,"location":"2","anchor":"2_9_84_163","subNodes":[]}]},{"level":3,"name":"下一个城市","parent":9,"id":85,"location":"2","anchor":"2_9_85","subNodes":[{"level":4,"name":"功能描述","parent":85,"id":164,"location":"2","anchor":"2_9_85_164","subNodes":[]},{"level":4,"name":"使用方法/说明","parent":85,"id":165,"location":"2","anchor":"2_9_85_165","subNodes":[]},{"level":4,"name":"功能完成说明","parent":85,"id":166,"location":"2","anchor":"2_9_85_166","subNodes":[]}]},{"level":3,"name":"城市设置","parent":9,"id":86,"location":"2","anchor":"2_9_86","subNodes":[{"level":4,"name":"功能描述","parent":86,"id":167,"location":"2","anchor":"2_9_86_167","subNodes":[]},{"level":4,"name":"使用方法/说明","parent":86,"id":168,"location":"2","anchor":"2_9_86_168","subNodes":[]},{"level":4,"name":"功能完成说明","parent":86,"id":169,"location":"2","anchor":"2_9_86_169","subNodes":[]}]},{"level":3,"name":"导出区域图像","parent":9,"id":87,"location":"2","anchor":"2_9_87","subNodes":[{"level":4,"name":"功能描述","parent":87,"id":170,"location":"2","anchor":"2_9_87_170","subNodes":[]},{"level":4,"name":"使用方法/说明","parent":87,"id":171,"location":"2","anchor":"2_9_87_171","subNodes":[]},{"level":4,"name":"功能完成说明","parent":87,"id":172,"location":"2","anchor":"2_9_87_172","subNodes":[]}]},{"level":3,"name":"导出地图服务端数据","parent":9,"id":88,"location":"2","anchor":"2_9_88","subNodes":[{"level":4,"name":"功能描述","parent":88,"id":173,"location":"2","anchor":"2_9_88_173","subNodes":[]},{"level":4,"name":"使用方法/说明","parent":88,"id":174,"location":"2","anchor":"2_9_88_174","subNodes":[]},{"level":4,"name":"功能完成说明","parent":88,"id":175,"location":"2","anchor":"2_9_88_175","subNodes":[]}]},{"level":3,"name":"导出地图客户端数据","parent":9,"id":89,"location":"2","anchor":"2_9_89","subNodes":[{"level":4,"name":"功能描述","parent":89,"id":176,"location":"2","anchor":"2_9_89_176","subNodes":[]},{"level":4,"name":"使用方法/说明","parent":89,"id":177,"location":"2","anchor":"2_9_89_177","subNodes":[]},{"level":4,"name":"功能完成说明","parent":89,"id":178,"location":"2","anchor":"2_9_89_178","subNodes":[]}]},{"level":3,"name":"导出特殊图层数据","parent":9,"id":90,"location":"2","anchor":"2_9_90","subNodes":[{"level":4,"name":"功能描述","parent":90,"id":179,"location":"2","anchor":"2_9_90_179","subNodes":[]},{"level":4,"name":"使用方法/说明","parent":90,"id":180,"location":"2","anchor":"2_9_90_180","subNodes":[]},{"level":4,"name":"功能完成说明","parent":90,"id":181,"location":"2","anchor":"2_9_90_181","subNodes":[]}]},{"level":3,"name":"同步地图数据","parent":9,"id":91,"location":"2","anchor":"2_9_91","subNodes":[{"level":4,"name":"功能描述","parent":91,"id":182,"location":"2","anchor":"2_9_91_182","subNodes":[]},{"level":4,"name":"使用方法/说明","parent":91,"id":183,"location":"2","anchor":"2_9_91_183","subNodes":[]},{"level":4,"name":"功能完成说明","parent":91,"id":184,"location":"2","anchor":"2_9_91_184","subNodes":[]},{"level":4,"name":"代码实现","parent":91,"id":185,"location":"2","anchor":"2_9_91_185","subNodes":[]}]}]},{"level":2,"name":"图层菜单","parent":2,"id":10,"location":"2","anchor":"2_10","subNodes":[{"level":3,"name":"清理冲突的地块","parent":10,"id":92,"location":"2","anchor":"2_10_92","subNodes":[{"level":4,"name":"功能描述","parent":92,"id":186,"location":"2","anchor":"2_10_92_186","subNodes":[]},{"level":4,"name":"使用方法/说明","parent":92,"id":187,"location":"2","anchor":"2_10_92_187","subNodes":[]},{"level":4,"name":"功能完成说明","parent":92,"id":188,"location":"2","anchor":"2_10_92_188","subNodes":[]}]},{"level":3,"name":"查找冲突单元格","parent":10,"id":93,"location":"2","anchor":"2_10_93","subNodes":[{"level":4,"name":"功能描述","parent":93,"id":189,"location":"2","anchor":"2_10_93_189","subNodes":[]},{"level":4,"name":"使用方法/说明","parent":93,"id":190,"location":"2","anchor":"2_10_93_190","subNodes":[]},{"level":4,"name":"功能完成说明","parent":93,"id":191,"location":"2","anchor":"2_10_93_191","subNodes":[]}]},{"level":3,"name":"查找错误图块的单元格","parent":10,"id":94,"location":"2","anchor":"2_10_94","subNodes":[{"level":4,"name":"功能描述","parent":94,"id":192,"location":"2","anchor":"2_10_94_192","subNodes":[]},{"level":4,"name":"使用方法/说明","parent":94,"id":193,"location":"2","anchor":"2_10_94_193","subNodes":[]},{"level":4,"name":"功能完成说明","parent":94,"id":194,"location":"2","anchor":"2_10_94_194","subNodes":[]}]},{"level":3,"name":"查找地图间的冲突单元格","parent":10,"id":95,"location":"2","anchor":"2_10_95","subNodes":[{"level":4,"name":"功能描述","parent":95,"id":195,"location":"2","anchor":"2_10_95_195","subNodes":[]},{"level":4,"name":"使用方法/说明","parent":95,"id":196,"location":"2","anchor":"2_10_95_196","subNodes":[]},{"level":4,"name":"功能完成说明","parent":95,"id":197,"location":"2","anchor":"2_10_95_197","subNodes":[]}]},{"level":3,"name":"下一个地图间冲突单元格","parent":10,"id":96,"location":"2","anchor":"2_10_96","subNodes":[{"level":4,"name":"功能描述","parent":96,"id":198,"location":"2","anchor":"2_10_96_198","subNodes":[]},{"level":4,"name":"使用方法/说明","parent":96,"id":199,"location":"2","anchor":"2_10_96_199","subNodes":[]},{"level":4,"name":"功能完成说明","parent":96,"id":200,"location":"2","anchor":"2_10_96_200","subNodes":[]}]}]},{"level":2,"name":"绘制工具组","parent":2,"id":11,"location":"2","anchor":"2_11","subNodes":[{"level":3,"name":"单元格图块信息","parent":11,"id":97,"location":"2","anchor":"2_11_97","subNodes":[{"level":4,"name":"功能描述","parent":97,"id":201,"location":"2","anchor":"2_11_97_201","subNodes":[]},{"level":4,"name":"使用方法/说明","parent":97,"id":202,"location":"2","anchor":"2_11_97_202","subNodes":[]},{"level":4,"name":"功能完成说明","parent":97,"id":203,"location":"2","anchor":"2_11_97_203","subNodes":[]}]}]}]},"业务术语":{"level":1,"name":"业务术语","parent":-1,"id":3,"location":"3","anchor":"3","subNodes":[{"level":2,"name":"地图相关","parent":3,"id":12,"location":"3","anchor":"3_12","subNodes":[{"level":3,"name":"坐标码","parent":12,"id":98,"location":"3","anchor":"3_12_98","subNodes":[]}]},{"level":2,"name":"业务层相关","parent":3,"id":13,"location":"3","anchor":"3_13","subNodes":[{"level":3,"name":"业务层类型","parent":13,"id":99,"location":"3","anchor":"3_13_99","subNodes":[]},{"level":3,"name":"业务层设置","parent":13,"id":100,"location":"3","anchor":"3_13_100","subNodes":[]},{"level":3,"name":"业务层内容","parent":13,"id":101,"location":"3","anchor":"3_13_101","subNodes":[]},{"level":3,"name":"图层标签","parent":13,"id":102,"location":"3","anchor":"3_13_102","subNodes":[]}]},{"level":2,"name":"图块相关","parent":3,"id":14,"location":"3","anchor":"3_14","subNodes":[{"level":3,"name":"区域范围Id","parent":14,"id":103,"location":"3","anchor":"3_14_103","subNodes":[]},{"level":3,"name":"城市单元格图块属性","parent":14,"id":104,"location":"3","anchor":"3_14_104","subNodes":[]}]},{"level":2,"name":"冲突/错误单元格查找/清除","parent":3,"id":15,"location":"3","anchor":"3_15","subNodes":[{"level":3,"name":"冲突检测","parent":15,"id":105,"location":"3","anchor":"3_15_105","subNodes":[{"level":4,"name":"判定规则","parent":105,"id":204,"location":"3","anchor":"3_15_105_204","subNodes":[]}]}]},{"level":2,"name":"数据导入/导出","parent":3,"id":16,"location":"3","anchor":"3_16","subNodes":[{"level":3,"name":"识别单元格","parent":16,"id":106,"location":"3","anchor":"3_16_106","subNodes":[]}]},{"level":2,"name":"同步相关","parent":3,"id":17,"location":"3","anchor":"3_17","subNodes":[{"level":3,"name":"同步检测","parent":17,"id":107,"location":"3","anchor":"3_17_107","subNodes":[]}]}]},"自定义属性":{"level":1,"name":"自定义属性","parent":-1,"id":4,"location":"4","anchor":"4","subNodes":[{"level":2,"name":"地图相关","parent":4,"id":18,"location":"4","anchor":"4_18","subNodes":[{"level":3,"name":"地图mapID","parent":18,"id":108,"location":"4","anchor":"4_18_108","subNodes":[{"level":4,"name":"字段描述","parent":108,"id":205,"location":"4","anchor":"4_18_108_205","subNodes":[]},{"level":4,"name":"添加方法","parent":108,"id":206,"location":"4","anchor":"4_18_108_206","subNodes":[]},{"level":4,"name":"值设置","parent":108,"id":207,"location":"4","anchor":"4_18_108_207","subNodes":[]}]}]},{"level":2,"name":"图层相关","parent":4,"id":19,"location":"4","anchor":"4_19","subNodes":[{"level":3,"name":"图块图层type","parent":19,"id":109,"location":"4","anchor":"4_19_109","subNodes":[{"level":4,"name":"字段描述","parent":109,"id":208,"location":"4","anchor":"4_19_109_208","subNodes":[]},{"level":4,"name":"添加方法","parent":109,"id":209,"location":"4","anchor":"4_19_109_209","subNodes":[]},{"level":4,"name":"值设置","parent":109,"id":210,"location":"4","anchor":"4_19_109_210","subNodes":[]}]},{"level":3,"name":"图块图层tileset","parent":19,"id":110,"location":"4","anchor":"4_19_110","subNodes":[{"level":4,"name":"字段描述","parent":110,"id":211,"location":"4","anchor":"4_19_110_211","subNodes":[]},{"level":4,"name":"添加方法","parent":110,"id":212,"location":"4","anchor":"4_19_110_212","subNodes":[]},{"level":4,"name":"值设置","parent":110,"id":213,"location":"4","anchor":"4_19_110_213","subNodes":[]}]}]},{"level":2,"name":"图块集相关","parent":4,"id":20,"location":"4","anchor":"4_20","subNodes":[{"level":3,"name":"图块集riverGroup","parent":20,"id":111,"location":"4","anchor":"4_20_111","subNodes":[{"level":4,"name":"字段描述","parent":111,"id":214,"location":"4","anchor":"4_20_111_214","subNodes":[]},{"level":4,"name":"添加方法","parent":111,"id":215,"location":"4","anchor":"4_20_111_215","subNodes":[]},{"level":4,"name":"值设置","parent":111,"id":216,"location":"4","anchor":"4_20_111_216","subNodes":[]}]},{"level":3,"name":"图块集resGroup","parent":20,"id":112,"location":"4","anchor":"4_20_112","subNodes":[{"level":4,"name":"字段描述","parent":112,"id":217,"location":"4","anchor":"4_20_112_217","subNodes":[]},{"level":4,"name":"添加方法","parent":112,"id":218,"location":"4","anchor":"4_20_112_218","subNodes":[]},{"level":4,"name":"值设置","parent":112,"id":219,"location":"4","anchor":"4_20_112_219","subNodes":[]}]},{"level":3,"name":"图块集bridgeGroup","parent":20,"id":113,"location":"4","anchor":"4_20_113","subNodes":[{"level":4,"name":"字段描述","parent":113,"id":220,"location":"4","anchor":"4_20_113_220","subNodes":[]},{"level":4,"name":"添加方法","parent":113,"id":221,"location":"4","anchor":"4_20_113_221","subNodes":[]},{"level":4,"name":"值设置","parent":113,"id":222,"location":"4","anchor":"4_20_113_222","subNodes":[]}]}]},{"level":2,"name":"图块相关","parent":4,"id":21,"location":"4","anchor":"4_21","subNodes":[{"level":3,"name":"图块size","parent":21,"id":114,"location":"4","anchor":"4_21_114","subNodes":[{"level":4,"name":"字段描述","parent":114,"id":223,"location":"4","anchor":"4_21_114_223","subNodes":[]},{"level":4,"name":"添加方法","parent":114,"id":224,"location":"4","anchor":"4_21_114_224","subNodes":[]},{"level":4,"name":"值设置","parent":114,"id":225,"location":"4","anchor":"4_21_114_225","subNodes":[]}]},{"level":3,"name":"图块ex","parent":21,"id":115,"location":"4","anchor":"4_21_115","subNodes":[{"level":4,"name":"字段描述","parent":115,"id":226,"location":"4","anchor":"4_21_115_226","subNodes":[]},{"level":4,"name":"添加方法","parent":115,"id":227,"location":"4","anchor":"4_21_115_227","subNodes":[]},{"level":4,"name":"值设置","parent":115,"id":228,"location":"4","anchor":"4_21_115_228","subNodes":[]}]}]},{"level":2,"name":"地形相关","parent":4,"id":22,"location":"4","anchor":"4_22","subNodes":[{"level":3,"name":"地形ex","parent":22,"id":116,"location":"4","anchor":"4_22_116","subNodes":[{"level":4,"name":"字段描述","parent":116,"id":229,"location":"4","anchor":"4_22_116_229","subNodes":[]},{"level":4,"name":"添加方法","parent":116,"id":230,"location":"4","anchor":"4_22_116_230","subNodes":[]},{"level":4,"name":"值设置","parent":116,"id":231,"location":"4","anchor":"4_22_116_231","subNodes":[]}]}]}]},"功能特殊依赖/待改进":{"level":1,"name":"功能特殊依赖/待改进","parent":-1,"id":5,"location":"5","anchor":"5","subNodes":[]},"事件触发器":{"level":1,"name":"事件触发器","parent":-1,"id":6,"location":"6","anchor":"6","subNodes":[{"level":2,"name":"触发器属性面板","parent":6,"id":23,"location":"6","anchor":"6_23","subNodes":[{"level":3,"name":"编辑属性","parent":23,"id":117,"location":"6","anchor":"6_23_117","subNodes":[{"level":4,"name":"编辑名称","parent":117,"id":232,"location":"6","anchor":"6_23_117_232","subNodes":[]},{"level":4,"name":"编辑逻辑关系","parent":117,"id":233,"location":"6","anchor":"6_23_117_233","subNodes":[]},{"level":4,"name":"编辑动作","parent":117,"id":234,"location":"6","anchor":"6_23_117_234","subNodes":[]}]},{"level":3,"name":"对象描述","parent":23,"id":118,"location":"6","anchor":"6_23_118","subNodes":[]}]},{"level":2,"name":"事件面板","parent":6,"id":24,"location":"6","anchor":"6_24","subNodes":[{"level":3,"name":"添加事件分组","parent":24,"id":119,"location":"6","anchor":"6_24_119","subNodes":[{"level":4,"name":"功能描述","parent":119,"id":235,"location":"6","anchor":"6_24_119_235","subNodes":[]},{"level":4,"name":"使用方法","parent":119,"id":236,"location":"6","anchor":"6_24_119_236","subNodes":[]}]},{"level":3,"name":"添加事件","parent":24,"id":120,"location":"6","anchor":"6_24_120","subNodes":[{"level":4,"name":"功能描述","parent":120,"id":237,"location":"6","anchor":"6_24_120_237","subNodes":[]},{"level":4,"name":"使用方法","parent":120,"id":238,"location":"6","anchor":"6_24_120_238","subNodes":[]}]},{"level":3,"name":"删除事件/分组","parent":24,"id":121,"location":"6","anchor":"6_24_121","subNodes":[{"level":4,"name":"功能描述","parent":121,"id":239,"location":"6","anchor":"6_24_121_239","subNodes":[]},{"level":4,"name":"使用方法","parent":121,"id":240,"location":"6","anchor":"6_24_121_240","subNodes":[]}]},{"level":3,"name":"调整分组位置","parent":24,"id":122,"location":"6","anchor":"6_24_122","subNodes":[{"level":4,"name":"功能描述","parent":122,"id":241,"location":"6","anchor":"6_24_122_241","subNodes":[]},{"level":4,"name":"使用方法","parent":122,"id":242,"location":"6","anchor":"6_24_122_242","subNodes":[]}]},{"level":3,"name":"触发器事件验证","parent":24,"id":123,"location":"6","anchor":"6_24_123","subNodes":[{"level":4,"name":"功能描述","parent":123,"id":243,"location":"6","anchor":"6_24_123_243","subNodes":[]},{"level":4,"name":"使用方法","parent":123,"id":244,"location":"6","anchor":"6_24_123_244","subNodes":[]},{"level":4,"name":"检验规则","parent":123,"id":245,"location":"6","anchor":"6_24_123_245","subNodes":[]}]},{"level":3,"name":"触发器数据查找","parent":24,"id":124,"location":"6","anchor":"6_24_124","subNodes":[{"level":4,"name":"功能描述","parent":124,"id":246,"location":"6","anchor":"6_24_124_246","subNodes":[]},{"level":4,"name":"使用方法","parent":124,"id":247,"location":"6","anchor":"6_24_124_247","subNodes":[]}]}]},{"level":2,"name":"条件面板","parent":6,"id":25,"location":"6","anchor":"6_25","subNodes":[{"level":3,"name":"添加条件","parent":25,"id":125,"location":"6","anchor":"6_25_125","subNodes":[{"level":4,"name":"功能描述","parent":125,"id":248,"location":"6","anchor":"6_25_125_248","subNodes":[]},{"level":4,"name":"使用方法","parent":125,"id":249,"location":"6","anchor":"6_25_125_249","subNodes":[]}]},{"level":3,"name":"添加条件动作","parent":25,"id":126,"location":"6","anchor":"6_25_126","subNodes":[{"level":4,"name":"功能描述","parent":126,"id":250,"location":"6","anchor":"6_25_126_250","subNodes":[]},{"level":4,"name":"使用方法","parent":126,"id":251,"location":"6","anchor":"6_25_126_251","subNodes":[]}]},{"level":3,"name":"删除条件/动作","parent":25,"id":127,"location":"6","anchor":"6_25_127","subNodes":[{"level":4,"name":"功能描述","parent":127,"id":252,"location":"6","anchor":"6_25_127_252","subNodes":[]},{"level":4,"name":"使用方法","parent":127,"id":253,"location":"6","anchor":"6_25_127_253","subNodes":[]}]}]},{"level":2,"name":"结果面板","parent":6,"id":26,"location":"6","anchor":"6_26","subNodes":[{"level":3,"name":"添加结果动作","parent":26,"id":128,"location":"6","anchor":"6_26_128","subNodes":[{"level":4,"name":"功能描述","parent":128,"id":254,"location":"6","anchor":"6_26_128_254","subNodes":[]},{"level":4,"name":"使用方法","parent":128,"id":255,"location":"6","anchor":"6_26_128_255","subNodes":[]}]},{"level":3,"name":"删除结果动作","parent":26,"id":129,"location":"6","anchor":"6_26_129","subNodes":[{"level":4,"name":"功能描述","parent":129,"id":256,"location":"6","anchor":"6_26_129_256","subNodes":[]},{"level":4,"name":"使用方法","parent":129,"id":257,"location":"6","anchor":"6_26_129_257","subNodes":[]}]},{"level":3,"name":"调整结果动作位置","parent":26,"id":130,"location":"6","anchor":"6_26_130","subNodes":[{"level":4,"name":"功能描述","parent":130,"id":258,"location":"6","anchor":"6_26_130_258","subNodes":[]},{"level":4,"name":"使用方法","parent":130,"id":259,"location":"6","anchor":"6_26_130_259","subNodes":[]}]}]},{"level":2,"name":"触发器术语","parent":6,"id":27,"location":"6","anchor":"6_27","subNodes":[{"level":3,"name":"事件","parent":27,"id":131,"location":"6","anchor":"6_27_131","subNodes":[]},{"level":3,"name":"条件","parent":27,"id":132,"location":"6","anchor":"6_27_132","subNodes":[]},{"level":3,"name":"逻辑关系","parent":27,"id":133,"location":"6","anchor":"6_27_133","subNodes":[]},{"level":3,"name":"结果","parent":27,"id":134,"location":"6","anchor":"6_27_134","subNodes":[]},{"level":3,"name":"动作","parent":27,"id":135,"location":"6","anchor":"6_27_135","subNodes":[]},{"level":3,"name":"动作模板","parent":27,"id":136,"location":"6","anchor":"6_27_136","subNodes":[]},{"level":3,"name":"触发器对象Id","parent":27,"id":137,"location":"6","anchor":"6_27_137","subNodes":[]}]}]}}